method,rank,seed,accuracy,result_source,validation_status,trainable_params,trainable_params_source,train_loss,train_runtime_sec,eval_runtime_sec,peak_vram_gb,notes
lora,8,42,50.0,Kaggle_log,LOG_VERIFIED,2269184,CONFIRMED_r32_scaled,,,,,
lora,8,123,50.0,Kaggle_log,LOG_VERIFIED,2269184,CONFIRMED_r32_scaled,,,,,
lora,8,456,45.0,Kaggle_log,LOG_VERIFIED,2269184,CONFIRMED_r32_scaled,,,,,
lora,16,42,40.0,Kaggle_log,LOG_VERIFIED,4538368,CONFIRMED_r32_scaled,,,,,
lora,16,123,45.0,Kaggle_log,LOG_VERIFIED,4538368,CONFIRMED_r32_scaled,,,,,
lora,16,456,45.0,Kaggle_log,LOG_VERIFIED,4538368,CONFIRMED_r32_scaled,,,,,
dora,8,42,40.0,Kaggle_log,LOG_VERIFIED,2269184,CONFIRMED_r32_scaled,,,,,
dora,8,123,50.0,Kaggle_log,LOG_VERIFIED,2269184,CONFIRMED_r32_scaled,,,,,
dora,8,456,,Kaggle_log,MISSING_GPU_QUOTA,2269184,CONFIRMED_r32_scaled,,,,,GPU quota exhausted; no run completed
dora,16,42,45.0,Kaggle_log,LOG_VERIFIED,4538368,CONFIRMED_r32_scaled,,,,,
dora,16,123,45.0,Kaggle_log,LOG_VERIFIED,4538368,CONFIRMED_r32_scaled,,,,,
dora,16,456,45.0,Kaggle_log,LOG_VERIFIED,4538368,CONFIRMED_r32_scaled,,,,,
lora,4,42,40.0,Kaggle_log,LOG_VERIFIED,1134592,CONFIRMED_r32_scaled,,,,,
lora,4,123,55.0,Kaggle_log,LOG_VERIFIED,1134592,CONFIRMED_r32_scaled,,,,,
lora,4,456,45.0,Kaggle_log,LOG_VERIFIED,1134592,CONFIRMED_r32_scaled,,,,,
lora,32,42,45.0,Kaggle_log,LOG_VERIFIED,9076736,CONFIRMED,,,,,
lora,32,123,50.0,Kaggle_log,LOG_VERIFIED,9076736,CONFIRMED,,,,,
dora,4,42,40.0,Kaggle_log,LOG_VERIFIED,1134592,CONFIRMED_r32_scaled,,,,,
dora,32,42,45.0,Kaggle_log,LOG_VERIFIED,9076736,CONFIRMED,,,,,
dora,4,123,5.0,Kaggle_log,EVALUATOR_ISSUE,1134592,CONFIRMED_r32_scaled,,,,,Evaluator bug: missing enable_thinking=False
dora,4,456,5.0,Kaggle_log,EVALUATOR_ISSUE,1134592,CONFIRMED_r32_scaled,,,,,Evaluator bug: missing enable_thinking=False
lora,32,456,0.0,Kaggle_log,EVALUATOR_SUSPECT,9076736,CONFIRMED,,1243.1,621.3,11.588,0% accuracy; excluded from primary analysis
dora,32,123,,Kaggle_log,FAILED_OOM,9076736,CONFIRMED,,,,,Out of memory
dora,32,456,,Kaggle_log,FAILED_OOM,9076736,CONFIRMED,,,,,Out of memory
