method,rank,seed,accuracy,result_source,validation_status
lora,4,42,0.40,LOG_VERIFIED,CONFIRMED
lora,4,123,0.55,LOG_VERIFIED,CONFIRMED
lora,4,456,0.45,LOG_VERIFIED,CONFIRMED
lora,8,42,0.50,LOG_VERIFIED,CONFIRMED
lora,8,123,0.50,LOG_VERIFIED,CONFIRMED
lora,8,456,0.45,LOG_VERIFIED,CONFIRMED
lora,16,42,0.40,LOG_VERIFIED,CONFIRMED
lora,16,123,0.45,LOG_VERIFIED,CONFIRMED
lora,16,456,0.45,LOG_VERIFIED,CONFIRMED
lora,32,42,0.45,LOG_VERIFIED,CONFIRMED
lora,32,123,0.50,LOG_VERIFIED,CONFIRMED
dora,4,42,0.40,LOG_VERIFIED,CONFIRMED
dora,8,42,0.40,LOG_VERIFIED,CONFIRMED
dora,8,123,0.50,LOG_VERIFIED,CONFIRMED
dora,16,42,0.45,LOG_VERIFIED,CONFIRMED
dora,16,123,0.45,LOG_VERIFIED,CONFIRMED
dora,16,456,0.45,LOG_VERIFIED,CONFIRMED
dora,32,42,0.45,LOG_VERIFIED,CONFIRMED
