method,rank,seed,logged_accuracy,logged_result_source,artifact_available,rerun_required,eval_only,result_confidence
lora,4,42,0.4,manually_encoded_from_sweep_logs,False,False,False,VERIFIED_FROM_LOG
lora,4,123,0.55,manually_encoded_from_sweep_logs,False,False,False,VERIFIED_FROM_LOG
lora,4,456,0.45,manually_encoded_from_sweep_logs,False,False,False,VERIFIED_FROM_LOG
lora,8,42,0.5,manually_encoded_from_sweep_logs,False,False,False,VERIFIED_FROM_LOG
lora,8,123,0.5,manually_encoded_from_sweep_logs,False,False,False,VERIFIED_FROM_LOG
lora,8,456,0.45,manually_encoded_from_sweep_logs,False,False,False,VERIFIED_FROM_LOG
lora,16,42,0.4,manually_encoded_from_sweep_logs,False,False,False,VERIFIED_FROM_LOG
lora,16,123,0.45,manually_encoded_from_sweep_logs,False,False,False,VERIFIED_FROM_LOG
lora,16,456,0.45,manually_encoded_from_sweep_logs,False,False,False,VERIFIED_FROM_LOG
lora,32,42,0.45,manually_encoded_from_sweep_logs,False,False,False,VERIFIED_FROM_LOG
lora,32,123,0.5,manually_encoded_from_sweep_logs,False,False,False,VERIFIED_FROM_LOG
lora,32,456,,,False,True,True,NONE
dora,4,42,0.4,manually_encoded_from_sweep_logs,False,False,False,VERIFIED_FROM_LOG
dora,4,123,,,False,True,False,NONE
dora,4,456,,,False,True,False,NONE
dora,8,42,0.4,manually_encoded_from_sweep_logs,False,False,False,VERIFIED_FROM_LOG
dora,8,123,0.5,manually_encoded_from_sweep_logs,False,False,False,VERIFIED_FROM_LOG
dora,8,456,,,False,True,False,NONE
dora,16,42,0.45,manually_encoded_from_sweep_logs,False,False,False,VERIFIED_FROM_LOG
dora,16,123,0.45,manually_encoded_from_sweep_logs,False,False,False,VERIFIED_FROM_LOG
dora,16,456,0.45,manually_encoded_from_sweep_logs,False,False,False,VERIFIED_FROM_LOG
dora,32,42,0.45,manually_encoded_from_sweep_logs,False,False,False,VERIFIED_FROM_LOG
dora,32,123,,,False,True,False,NONE
dora,32,456,,,False,True,False,NONE
